year,ingreso
2022,58798
2020,47855
2018,49484
2016,57324.90054
2021,53644.50497
2023,53923.53481
2024,54063.04973
